"Relative Time (Process)","raschka_gpu_45887 - system/cpu","raschka_gpu_45887 - system/cpu__MIN","raschka_gpu_45887 - system/cpu__MAX","raschka_gpu_5678 - system/cpu","raschka_gpu_5678 - system/cpu__MIN","raschka_gpu_5678 - system/cpu__MAX","raschka_gpu_123 - system/cpu","raschka_gpu_123 - system/cpu__MIN","raschka_gpu_123 - system/cpu__MAX","karpathy_gpu_45887 - system/cpu","karpathy_gpu_45887 - system/cpu__MIN","karpathy_gpu_45887 - system/cpu__MAX","karpathy_gpu_5678 - system/cpu","karpathy_gpu_5678 - system/cpu__MIN","karpathy_gpu_5678 - system/cpu__MAX","karpathy_gpu_123 - system/cpu","karpathy_gpu_123 - system/cpu__MIN","karpathy_gpu_123 - system/cpu__MAX"
"15.286667765","","","","","","","","","","4.880667241933652","4.880667241933652","4.880667241933652","","","","","",""
"15.287639369","4.032115928542205","4.032115928542205","4.032115928542205","","","","","","","","","","","","","","",""
"15.310064577","","","","","","","","","","","","","4.70517382341942","4.70517382341942","4.70517382341942","","",""
"15.333536862","","","","","","","4.030077815377366","4.030077815377366","4.030077815377366","","","","","","","","",""
"15.351602348","","","","4.184849208461717","4.184849208461717","4.184849208461717","","","","","","","","","","","",""
"15.568177001","","","","","","","","","","","","","","","","1.2849352866013595","1.2849352866013595","1.2849352866013595"
"30.286318667","3.8333807128120028","3.8333807128120028","3.8333807128120028","","","","","","","","","","","","","","",""
"30.286339587","","","","","","","","","","4.834393074499246","4.834393074499246","4.834393074499246","","","","","",""
"30.308824337","","","","","","","","","","","","","4.714224244013882","4.714224244013882","4.714224244013882","","",""
"30.332767468","","","","","","","3.830854214124634","3.830854214124634","3.830854214124634","","","","","","","","",""
"30.350514733","","","","3.941972138805916","3.941972138805916","3.941972138805916","","","","","","","","","","","",""
"30.566645143","","","","","","","","","","","","","","","","1.5451661518892204","1.5451661518892204","1.5451661518892204"
"45.286102392","3.7228439585073025","3.7228439585073025","3.7228439585073025","","","","","","","","","","","","","","",""
"45.290076958","","","","","","","","","","4.8501259940612576","4.8501259940612576","4.8501259940612576","","","","","",""
"45.308903501","","","","","","","","","","","","","4.707740351969651","4.707740351969651","4.707740351969651","","",""
"45.332915466","","","","","","","3.720684878847504","3.720684878847504","3.720684878847504","","","","","","","","",""
"45.351097498","","","","3.8073233661598147","3.8073233661598147","3.8073233661598147","","","","","","","","","","","",""
"45.566745364","","","","","","","","","","","","","","","","1.8359399741883238","1.8359399741883238","1.8359399741883238"
"60.285819946","3.651671580985933","3.651671580985933","3.651671580985933","","","","","","","","","","","","","","",""
"60.286125272","","","","","","","","","","4.873931523839812","4.873931523839812","4.873931523839812","","","","","",""
"60.30929106","","","","","","","","","","","","","4.754579801443414","4.754579801443414","4.754579801443414","","",""
"60.33288302","","","","","","","3.668807352666723","3.668807352666723","3.668807352666723","","","","","","","","",""
"60.350576086","","","","3.7394142060848634","3.7394142060848634","3.7394142060848634","","","","","","","","","","","",""
"60.567261736","","","","","","","","","","","","","","","","2.156478879342742","2.156478879342742","2.156478879342742"
"75.286296785","","","","","","","","","","4.858738796929457","4.858738796929457","4.858738796929457","","","","","",""
"75.286574295","3.614652940795013","3.614652940795013","3.614652940795013","","","","","","","","","","","","","","",""
"75.308770588","","","","","","","","","","","","","4.746503345460373","4.746503345460373","4.746503345460373","","",""
"75.332209287","","","","","","","3.616850421168971","3.616850421168971","3.616850421168971","","","","","","","","",""
"75.350614818","","","","3.677322947741661","3.677322947741661","3.677322947741661","","","","","","","","","","","",""
"75.566637042","","","","","","","","","","","","","","","","2.4216407098204344","2.4216407098204344","2.4216407098204344"
"90.285568858","","","","","","","","","","4.864440503532445","4.864440503532445","4.864440503532445","","","","","",""
"90.286673668","3.576861629436968","3.576861629436968","3.576861629436968","","","","","","","","","","","","","","",""
"90.308949114","","","","","","","","","","","","","4.809243415056216","4.809243415056216","4.809243415056216","","",""
"90.333261998","","","","","","","3.579292620059702","3.579292620059702","3.579292620059702","","","","","","","","",""
"90.350787613","","","","3.63148063105553","3.63148063105553","3.63148063105553","","","","","","","","","","","",""
"90.566896568","","","","","","","","","","","","","","","","2.659706224582236","2.659706224582236","2.659706224582236"
"105.285369643","","","","","","","","","","4.844738481622798","4.844738481622798","4.844738481622798","","","","","",""
"105.287225332","3.548469593914795","3.548469593914795","3.548469593914795","","","","","","","","","","","","","","",""
"105.309036396","","","","","","","","","","","","","4.846284974249672","4.846284974249672","4.846284974249672","","",""
"105.333283662","","","","","","","3.5503436897987766","3.5503436897987766","3.5503436897987766","","","","","","","","",""
"105.353602344","","","","3.5966062891917825","3.5966062891917825","3.5966062891917825","","","","","","","","","","","",""
"105.566993111","","","","","","","","","","","","","","","","2.8491714292736647","2.8491714292736647","2.8491714292736647"
"120.286265166","","","","","","","","","","4.8409253790946565","4.8409253790946565","4.8409253790946565","","","","","",""
"120.286756752","3.5335582611905627","3.5335582611905627","3.5335582611905627","","","","","","","","","","","","","","",""
"120.308873104","","","","","","","","","","","","","4.882755473777483","4.882755473777483","4.882755473777483","","",""
"120.33215185","","","","","","","3.5385156429293314","3.5385156429293314","3.5385156429293314","","","","","","","","",""
"120.350429636","","","","3.5790386937009644","3.5790386937009644","3.5790386937009644","","","","","","","","","","","",""
"120.567111605","","","","","","","","","","","","","","","","3.0299165074743275","3.0299165074743275","3.0299165074743275"
"135.286368679","","","","","","","","","","4.835212029062779","4.835212029062779","4.835212029062779","","","","","",""
"135.286485876","3.514712734436875","3.514712734436875","3.514712734436875","","","","","","","","","","","","","","",""
"135.308474536","","","","","","","","","","","","","4.899531601039363","4.899531601039363","4.899531601039363","","",""
"135.332879511","","","","","","","3.5191639408682573","3.5191639408682573","3.5191639408682573","","","","","","","","",""
"135.350780657","","","","3.55606378614412","3.55606378614412","3.55606378614412","","","","","","","","","","","",""
"135.567150374","","","","","","","","","","","","","","","","3.1523645873116726","3.1523645873116726","3.1523645873116726"
"150.285870607","","","","","","","","","","4.842194158273838","4.842194158273838","4.842194158273838","","","","","",""
"150.28661892","3.49894049299546","3.49894049299546","3.49894049299546","","","","","","","","","","","","","","",""
"150.308403992","","","","","","","","","","","","","4.8838912334601945","4.8838912334601945","4.8838912334601945","","",""
"150.332484487","","","","","","","3.503199485851548","3.503199485851548","3.503199485851548","","","","","","","","",""
"150.3512737","","","","3.536693598160092","3.536693598160092","3.536693598160092","","","","","","","","","","","",""
"150.566539817","","","","","","","","","","","","","","","","3.252614584672978","3.252614584672978","3.252614584672978"
"165.285802905","","","","","","","","","","4.8233286851066515","4.8233286851066515","4.8233286851066515","","","","","",""
"165.286474067","3.4856990094476945","3.4856990094476945","3.4856990094476945","","","","","","","","","","","","","","",""
"165.309072904","","","","","","","","","","","","","4.887276930698541","4.887276930698541","4.887276930698541","","",""
"165.33247552","","","","","","","3.4894284612907196","3.4894284612907196","3.4894284612907196","","","","","","","","",""
"165.350981003","","","","3.520614795279129","3.520614795279129","3.520614795279129","","","","","","","","","","","",""
"165.567610572","","","","","","","","","","","","","","","","3.35294506644851","3.35294506644851","3.35294506644851"
"180.28561425","","","","","","","","","","4.842032997505265","4.842032997505265","4.842032997505265","","","","","",""
"180.286025527","3.4805122811320635","3.4805122811320635","3.4805122811320635","","","","","","","","","","","","","","",""
"180.308356663","","","","","","","","","","","","","4.888453623592674","4.888453623592674","4.888453623592674","","",""
"180.332820184","","","","","","","3.485431775578095","3.485431775578095","3.485431775578095","","","","","","","","",""
"180.350342778","","","","3.5141629877048826","3.5141629877048826","3.5141629877048826","","","","","","","","","","","",""
"180.567511219","","","","","","","","","","","","","","","","3.429905180738658","3.429905180738658","3.429905180738658"
"195.285793615","","","","","","","","","","4.839645235795711","4.839645235795711","4.839645235795711","","","","","",""
"195.286367515","3.470513065451255","3.470513065451255","3.470513065451255","","","","","","","","","","","","","","",""
"195.308845333","","","","","","","","","","","","","4.884159915131963","4.884159915131963","4.884159915131963","","",""
"195.333254028","","","","","","","3.4750848323750456","3.4750848323750456","3.4750848323750456","","","","","","","","",""
"195.35038806","","","","3.501849125696668","3.501849125696668","3.501849125696668","","","","","","","","","","","",""
"195.567066924","","","","","","","","","","","","","","","","3.4959199654728743","3.4959199654728743","3.4959199654728743"
"210.285853854","3.461670177026876","3.461670177026876","3.461670177026876","","","","","","","","","","","","","","",""
"210.286001239","","","","","","","","","","4.828323731273047","4.828323731273047","4.828323731273047","","","","","",""
"210.308400149","","","","","","","","","","","","","4.899690277933675","4.899690277933675","4.899690277933675","","",""
"210.332586917","","","","","","","3.4659468206818707","3.4659468206818707","3.4659468206818707","","","","","","","","",""
"210.351138909","","","","3.4908257410173587","3.4908257410173587","3.4908257410173587","","","","","","","","","","","",""
"210.567487638","","","","","","","","","","","","","","","","3.5640883899597555","3.5640883899597555","3.5640883899597555"
"225.286195864","","","","","","","","","","4.81674927524711","4.81674927524711","4.81674927524711","","","","","",""
"225.286261244","3.453888499010403","3.453888499010403","3.453888499010403","","","","","","","","","","","","","","",""
"225.308312865","","","","","","","","","","","","","4.898175504226689","4.898175504226689","4.898175504226689","","",""
"225.332905488","","","","","","","3.4580379066935394","3.4580379066935394","3.4580379066935394","","","","","","","","",""
"225.350490195","","","","3.4814275489902826","3.4814275489902826","3.4814275489902826","","","","","","","","","","","",""
"225.566646289","","","","","","","","","","","","","","","","3.6144570532318245","3.6144570532318245","3.6144570532318245"
"240.286116512","","","","","","","","","","4.827203801456194","4.827203801456194","4.827203801456194","","","","","",""
"240.286300306","3.4525860462727938","3.4525860462727938","3.4525860462727938","","","","","","","","","","","","","","",""
"240.308476886","","","","","","","","","","","","","4.902224396985351","4.902224396985351","4.902224396985351","","",""
"240.332864419","","","","","","","3.454087453220232","3.454087453220232","3.454087453220232","","","","","","","","",""
"240.351229044","","","","3.477150334214879","3.477150334214879","3.477150334214879","","","","","","","","","","","",""
"240.567016982","","","","","","","","","","","","","","","","3.6704587180912944","3.6704587180912944","3.6704587180912944"
"255.285826124","","","","","","","","","","4.816498480129638","4.816498480129638","4.816498480129638","","","","","",""
"255.286145793","3.446143936025453","3.446143936025453","3.446143936025453","","","","","","","","","","","","","","",""
"255.309206801","","","","","","","","","","","","","4.908289558589574","4.908289558589574","4.908289558589574","","",""
"255.332771036","","","","","","","3.447559132304739","3.447559132304739","3.447559132304739","","","","","","","","",""
"255.350253771","","","","3.469506451341471","3.469506451341471","3.469506451341471","","","","","","","","","","","",""
"255.567285394","","","","","","","","","","","","","","","","3.718183475989827","3.718183475989827","3.718183475989827"
"270.285784534","","","","","","","","","","4.810686940510005","4.810686940510005","4.810686940510005","","","","","",""
"270.285920859","3.440475226353388","3.440475226353388","3.440475226353388","","","","","","","","","","","","","","",""
"270.308449583","","","","","","","","","","","","","4.905160636348002","4.905160636348002","4.905160636348002","","",""
"270.332591669","","","","","","","3.4417025355008604","3.4417025355008604","3.4417025355008604","","","","","","","","",""
"270.350242522","","","","3.4624109579528906","3.4624109579528906","3.4624109579528906","","","","","","","","","","","",""
"270.566789167","","","","","","","","","","","","","","","","3.7628491432581015","3.7628491432581015","3.7628491432581015"
"285.285842956","3.4353595621311874","3.4353595621311874","3.4353595621311874","","","","","","","","","","","","","","",""
"285.286258585","","","","","","","","","","4.809359710145119","4.809359710145119","4.809359710145119","","","","","",""
"285.308533012","","","","","","","","","","","","","4.916173970094795","4.916173970094795","4.916173970094795","","",""
"285.332833624","","","","","","","3.4365209545098803","3.4365209545098803","3.4365209545098803","","","","","","","","",""
"285.350638123","","","","3.4555695473639045","3.4555695473639045","3.4555695473639045","","","","","","","","","","","",""
"285.570184478","","","","","","","","","","","","","","","","3.811506163293503","3.811506163293503","3.811506163293503"
"300.286202504","","","","","","","","","","4.811890640074801","4.811890640074801","4.811890640074801","","","","","",""
"300.286410921","3.4350523341714143","3.4350523341714143","3.4350523341714143","","","","","","","","","","","","","","",""
"300.308988069","","","","","","","","","","","","","4.922195619445088","4.922195619445088","4.922195619445088","","",""
"300.332597016","","","","","","","3.434410745081842","3.434410745081842","3.434410745081842","","","","","","","","",""
"300.350556142","","","","3.453193116909175","3.453193116909175","3.453193116909175","","","","","","","","","","","",""
"300.567474337","","","","","","","","","","","","","","","","3.8478631215443717","3.8478631215443717","3.8478631215443717"
"315.285692192","","","","","","","","","","4.806990628953163","4.806990628953163","4.806990628953163","","","","","",""
"315.286083654","3.4306338284337157","3.4306338284337157","3.4306338284337157","","","","","","","","","","","","","","",""
"315.308473792","","","","","","","","","","","","","4.92463886275978","4.92463886275978","4.92463886275978","","",""
"315.332737718","","","","","","","3.429916350494265","3.429916350494265","3.429916350494265","","","","","","","","",""
"315.350889551","","","","3.447864085115175","3.447864085115175","3.447864085115175","","","","","","","","","","","",""
"315.566761687","","","","","","","","","","","","","","","","3.884565830687445","3.884565830687445","3.884565830687445"
"330.286163207","3.426493260778322","3.426493260778322","3.426493260778322","","","","","","","","","","","","","","",""
"330.286300046","","","","","","","","","","4.800949272825948","4.800949272825948","4.800949272825948","","","","","",""
"330.30876362","","","","","","","","","","","","","4.921716057024967","4.921716057024967","4.921716057024967","","",""
"330.33289974","","","","","","","3.425898598688379","3.425898598688379","3.425898598688379","","","","","","","","",""
"330.350460692","","","","3.4429953208653004","3.4429953208653004","3.4429953208653004","","","","","","","","","","","",""
"330.566631379","","","","","","","","","","","","","","","","3.913396343775681","3.913396343775681","3.913396343775681"
"345.285958915","","","","","","","","","","4.814864928069114","4.814864928069114","4.814864928069114","","","","","",""
"345.286399613","3.4227803503711356","3.4227803503711356","3.4227803503711356","","","","","","","","","","","","","","",""
"345.308769123","","","","","","","","","","","","","4.910676513171325","4.910676513171325","4.910676513171325","","",""
"345.332694632","","","","","","","3.4221222210356843","3.4221222210356843","3.4221222210356843","","","","","","","","",""
"345.351128189","","","","3.43860447755142","3.43860447755142","3.43860447755142","","","","","","","","","","","",""
"345.567016995","","","","","","","","","","","","","","","","3.9454643447604036","3.9454643447604036","3.9454643447604036"
"360.286019114","","","","","","","","","","4.826407392938496","4.826407392938496","4.826407392938496","","","","","",""
"360.286536398","3.4223215111679677","3.4223215111679677","3.4223215111679677","","","","","","","","","","","","","","",""
"360.308800287","","","","","","","","","","","","","4.923540844420297","4.923540844420297","4.923540844420297","","",""
"360.332741512","","","","","","","3.4208180320288197","3.4208180320288197","3.4208180320288197","","","","","","","","",""
"360.350442983","","","","3.4382300357824223","3.4382300357824223","3.4382300357824223","","","","","","","","","","","",""
"360.567233487","","","","","","","","","","","","","","","","3.9825800350163783","3.9825800350163783","3.9825800350163783"
"375.285603103","","","","","","","","","","4.822389517578674","4.822389517578674","4.822389517578674","","","","","",""
"375.286172909","3.4190509956222193","3.4190509956222193","3.4190509956222193","","","","","","","","","","","","","","",""
"375.308586916","","","","","","","","","","","","","4.911998652268447","4.911998652268447","4.911998652268447","","",""
"375.331984932","","","","","","","3.4175231669853465","3.4175231669853465","3.4175231669853465","","","","","","","","",""
"375.35028462","","","","3.4342734763263616","3.4342734763263616","3.4342734763263616","","","","","","","","","","","",""
"375.566624848","","","","","","","","","","","","","","","","4.011854920593162","4.011854920593162","4.011854920593162"
"390.285816626","","","","","","","","","","4.819736740953475","4.819736740953475","4.819736740953475","","","","","",""
"390.286255642","3.415852188129828","3.415852188129828","3.415852188129828","","","","","","","","","","","","","","",""
"390.308486647","","","","","","","","","","","","","4.908911442789547","4.908911442789547","4.908911442789547","","",""
"390.333057337","","","","","","","3.4145340072617247","3.4145340072617247","3.4145340072617247","","","","","","","","",""
"390.350379663","","","","3.430683383364757","3.430683383364757","3.430683383364757","","","","","","","","","","","",""
"390.56732593","","","","","","","","","","","","","","","","4.044377581639789","4.044377581639789","4.044377581639789"
"405.286003906","3.4130369039421042","3.4130369039421042","3.4130369039421042","","","","","","","","","","","","","","",""
"405.286235744","","","","","","","","","","4.812411245548996","4.812411245548996","4.812411245548996","","","","","",""
"405.308800132","","","","","","","","","","","","","4.909066496204892","4.909066496204892","4.909066496204892","","",""
"405.3332813","","","","","","","3.411681379155031","3.411681379155031","3.411681379155031","","","","","","","","",""
"405.350800855","","","","3.427265602611359","3.427265602611359","3.427265602611359","","","","","","","","","","","",""
"405.567259682","","","","","","","","","","","","","","","","4.071564501154714","4.071564501154714","4.071564501154714"
"420.286042557","3.41342354991234","3.41342354991234","3.41342354991234","","","","","","","","","","","","","","",""
"420.286370416","","","","","","","","","","4.825055769228936","4.825055769228936","4.825055769228936","","","","","",""
"420.309133528","","","","","","","","","","","","","4.902291836751912","4.902291836751912","4.902291836751912","","",""
"420.33215592","","","","","","","3.412424337758766","3.412424337758766","3.412424337758766","","","","","","","","",""
"420.351159504","","","","3.42641431264308","3.42641431264308","3.42641431264308","","","","","","","","","","","",""
"420.567179983","","","","","","","","","","","","","","","","4.090129742270745","4.090129742270745","4.090129742270745"
"435.285887852","","","","","","","","","","4.837231246184355","4.837231246184355","4.837231246184355","","","","","",""
"435.286280364","3.410868927870396","3.410868927870396","3.410868927870396","","","","","","","","","","","","","","",""
"435.308549523","","","","","","","","","","","","","4.903559003204102","4.903559003204102","4.903559003204102","","",""
"435.332926198","","","","","","","3.4098978233856956","3.4098978233856956","3.4098978233856956","","","","","","","","",""
"435.350393107","","","","3.423440664808176","3.423440664808176","3.423440664808176","","","","","","","","","","","",""
"435.567281368","","","","","","","","","","","","","","","","4.10806356009767","4.10806356009767","4.10806356009767"
"450.285825828","","","","","","","","","","4.829984345174707","4.829984345174707","4.829984345174707","","","","","",""
"450.285840404","3.40848129189301","3.40848129189301","3.40848129189301","","","","","","","","","","","","","","",""
"450.308279143","","","","","","","","","","","","","4.905244090561364","4.905244090561364","4.905244090561364","","",""
"450.332863624","","","","","","","3.407537952352252","3.407537952352252","3.407537952352252","","","","","","","","",""
"450.350682005","","","","3.420578553489748","3.420578553489748","3.420578553489748","","","","","","","","","","","",""
"450.567349931","","","","","","","","","","","","","","","","4.122129807309188","4.122129807309188","4.122129807309188"
"465.286321856","3.4062343215635784","3.4062343215635784","3.4062343215635784","","","","","","","","","","","","","","",""
"465.308449007","","","","","","","","","","","","","4.883280912830028","4.883280912830028","4.883280912830028","","",""
"465.332849101","","","","","","","3.408400034032878","3.408400034032878","3.408400034032878","","","","","","","","",""
"465.350614123","","","","3.417963803018073","3.417963803018073","3.417963803018073","","","","","","","","","","","",""
"465.567443338","","","","","","","","","","","","","","","","4.1397843628737","4.1397843628737","4.1397843628737"
"480.285750903","3.406052449952027","3.406052449952027","3.406052449952027","","","","","","","","","","","","","","",""
"480.332414459","","","","","","","3.406229379612472","3.406229379612472","3.406229379612472","","","","","","","","",""
"480.350447671","","","","3.418224506611342","3.418224506611342","3.418224506611342","","","","","","","","","","","",""
"480.567259907","","","","","","","","","","","","","","","","4.165827354538535","4.165827354538535","4.165827354538535"
"495.286279337","3.403941619002424","3.403941619002424","3.403941619002424","","","","","","","","","","","","","","",""
"495.333029943","","","","","","","3.404175771159303","3.404175771159303","3.404175771159303","","","","","","","","",""
"495.350379881","","","","3.4158288342391647","3.4158288342391647","3.4158288342391647","","","","","","","","","","","",""
"495.5668241","","","","","","","","","","","","","","","","4.1788488708808496","4.1788488708808496","4.1788488708808496"
"510.286458392","3.4020137905823145","3.4020137905823145","3.4020137905823145","","","","","","","","","","","","","","",""
"510.333118783","","","","","","","3.402179369540762","3.402179369540762","3.402179369540762","","","","","","","","",""
"510.350589177","","","","3.4135038081361326","3.4135038081361326","3.4135038081361326","","","","","","","","","","","",""
"510.566710654","","","","","","","","","","","","","","","","4.1546290904622785","4.1546290904622785","4.1546290904622785"
"525.286642627","3.402079086169384","3.402079086169384","3.402079086169384","","","","","","","","","","","","","","",""
"525.332877255","","","","","","","3.4032170878397014","3.4032170878397014","3.4032170878397014","","","","","","","","",""
"525.350267091","","","","3.4134405259083147","3.4134405259083147","3.4134405259083147","","","","","","","","","","","",""
"540.285848788","3.400250786619874","3.400250786619874","3.400250786619874","","","","","","","","","","","","","","",""
"540.33275011","","","","","","","3.4013541250236625","3.4013541250236625","3.4013541250236625","","","","","","","","",""
"540.350778814","","","","3.411360735683122","3.411360735683122","3.411360735683122","","","","","","","","","","","",""
"555.285997802","3.398569761578418","3.398569761578418","3.398569761578418","","","","","","","","","","","","","","",""
"555.332591634","","","","","","","3.399588072922251","3.399588072922251","3.399588072922251","","","","","","","","",""
"555.351134313","","","","3.40933206748751","3.40933206748751","3.40933206748751","","","","","","","","","","","",""
"570.28627424","3.396972927585141","3.396972927585141","3.396972927585141","","","","","","","","","","","","","","",""
"570.332990492","","","","","","","3.397964532466733","3.397964532466733","3.397964532466733","","","","","","","","",""
"570.350490499","","","","3.407412018198651","3.407412018198651","3.407412018198651","","","","","","","","","","","",""
"585.286721512","3.397319776551577","3.397319776551577","3.397319776551577","","","","","","","","","","","","","","",""
"585.332758684","","","","","","","3.3981805923155677","3.3981805923155677","3.3981805923155677","","","","","","","","",""
"585.350537661","","","","3.4077224459345405","3.4077224459345405","3.4077224459345405","","","","","","","","","","","",""
"600.286416146","3.395833165348098","3.395833165348098","3.395833165348098","","","","","","","","","","","","","","",""
"600.332838015","","","","","","","3.3966177527187833","3.3966177527187833","3.3966177527187833","","","","","","","","",""
"600.35084164","","","","3.4059837831474384","3.4059837831474384","3.4059837831474384","","","","","","","","","","","",""
"615.285967515","3.394417257346105","3.394417257346105","3.394417257346105","","","","","","","","","","","","","","",""
"615.332129225","","","","","","","3.3951324083861967","3.3951324083861967","3.3951324083861967","","","","","","","","",""
"615.350948402","","","","3.404272447579259","3.404272447579259","3.404272447579259","","","","","","","","","","","",""
"630.285962405","3.3930131612509546","3.3930131612509546","3.3930131612509546","","","","","","","","","","","","","","",""
"630.332725859","","","","","","","3.393759392652761","3.393759392652761","3.393759392652761","","","","","","","","",""
"630.350768549","","","","3.4026427583903693","3.4026427583903693","3.4026427583903693","","","","","","","","","","","",""
"645.286213725","3.3938179600584792","3.3938179600584792","3.3938179600584792","","","","","","","","","","","","","","",""
"645.332822789","","","","","","","3.3940991046749276","3.3940991046749276","3.3940991046749276","","","","","","","","",""
"645.350437593","","","","3.4028845439624402","3.4028845439624402","3.4028845439624402","","","","","","","","","","","",""
"660.286412509","3.3924879382796003","3.3924879382796003","3.3924879382796003","","","","","","","","","","","","","","",""
"660.332284973","","","","","","","3.392766085974685","3.392766085974685","3.392766085974685","","","","","","","","",""
"660.350535646","","","","3.4013556610146924","3.4013556610146924","3.4013556610146924","","","","","","","","","","","",""
"675.286660784","3.391214868989694","3.391214868989694","3.391214868989694","","","","","","","","","","","","","","",""
"675.332773754","","","","","","","3.3915332989977856","3.3915332989977856","3.3915332989977856","","","","","","","","",""
"675.350806883","","","","3.3999400895457295","3.3999400895457295","3.3999400895457295","","","","","","","","","","","",""
"690.286030769","3.3900461115627034","3.3900461115627034","3.3900461115627034","","","","","","","","","","","","","","",""
"690.332260689","","","","","","","3.3897956996742717","3.3897956996742717","3.3897956996742717","","","","","","","","",""
"690.350102967","","","","3.3985405534790236","3.3985405534790236","3.3985405534790236","","","","","","","","","","","",""
"705.285892685","3.39107642821538","3.39107642821538","3.39107642821538","","","","","","","","","","","","","","",""
"705.333145749","","","","","","","3.390139382927288","3.390139382927288","3.390139382927288","","","","","","","","",""
"705.350851157","","","","3.3993005434214583","3.3993005434214583","3.3993005434214583","","","","","","","","","","","",""
"720.285963146","3.389909668034776","3.389909668034776","3.389909668034776","","","","","","","","","","","","","","",""
"720.332414559","","","","","","","3.389039979358384","3.389039979358384","3.389039979358384","","","","","","","","",""
"720.350453258","","","","3.3979696717771812","3.3979696717771812","3.3979696717771812","","","","","","","","","","","",""
"735.285993206","3.3888333483651625","3.3888333483651625","3.3888333483651625","","","","","","","","","","","","","","",""
"735.33214402","","","","","","","3.3879380220852773","3.3879380220852773","3.3879380220852773","","","","","","","","",""
"735.35052568","","","","3.396733479246194","3.396733479246194","3.396733479246194","","","","","","","","","","","",""
"750.286269202","3.387754569219152","3.387754569219152","3.387754569219152","","","","","","","","","","","","","","",""
"750.332871827","","","","","","","3.386917411092817","3.386917411092817","3.386917411092817","","","","","","","","",""
"750.351102385","","","","3.3954999388415574","3.3954999388415574","3.3954999388415574","","","","","","","","","","","",""
"765.28621226","3.390146967646293","3.390146967646293","3.390146967646293","","","","","","","","","","","","","","",""
"765.332298311","","","","","","","3.387211530154109","3.387211530154109","3.387211530154109","","","","","","","","",""
"765.350808609","","","","3.396095001109851","3.396095001109851","3.396095001109851","","","","","","","","","","","",""
"780.285675246","3.3890868907970675","3.3890868907970675","3.3890868907970675","","","","","","","","","","","","","","",""
"780.332826971","","","","","","","3.386202115697388","3.386202115697388","3.386202115697388","","","","","","","","",""
"780.350794101","","","","3.3949218305221693","3.3949218305221693","3.3949218305221693","","","","","","","","","","","",""
"795.28665589","3.388101404431398","3.388101404431398","3.388101404431398","","","","","","","","","","","","","","",""
"795.332856971","","","","","","","3.385272614095535","3.385272614095535","3.385272614095535","","","","","","","","",""
"795.351217122","","","","3.3938312810873814","3.3938312810873814","3.3938312810873814","","","","","","","","","","","",""
"810.286244449","3.3871156229113515","3.3871156229113515","3.3871156229113515","","","","","","","","","","","","","","",""
"810.332732325","","","","","","","3.3860991871718373","3.3860991871718373","3.3860991871718373","","","","","","","","",""
"810.350716391","","","","3.3927430453777276","3.3927430453777276","3.3927430453777276","","","","","","","","","","","",""
"825.28594283","3.388288862455485","3.388288862455485","3.388288862455485","","","","","","","","","","","","","","",""
"825.332216892","","","","","","","3.385167287714952","3.385167287714952","3.385167287714952","","","","","","","","",""
"825.350445615","","","","3.3933446040727118","3.3933446040727118","3.3933446040727118","","","","","","","","","","","",""
"840.287293683","3.3873291357750785","3.3873291357750785","3.3873291357750785","","","","","","","","","","","","","","",""
"840.332406534","","","","","","","3.384303747772775","3.384303747772775","3.384303747772775","","","","","","","","",""
"840.350838065","","","","3.3922995562345597","3.3922995562345597","3.3922995562345597","","","","","","","","","","","",""
"855.286231317","3.3864090060195666","3.3864090060195666","3.3864090060195666","","","","","","","","","","","","","","",""
"855.332439754","","","","","","","3.3834321397759046","3.3834321397759046","3.3834321397759046","","","","","","","","",""
"855.351183725","","","","3.391290095455116","3.391290095455116","3.391290095455116","","","","","","","","","","","",""
"870.286515843","3.3855532585225014","3.3855532585225014","3.3855532585225014","","","","","","","","","","","","","","",""
"870.333066937","","","","","","","3.3838578655309544","3.3838578655309544","3.3838578655309544","","","","","","","","",""
"870.351134135","","","","3.3903536276705704","3.3903536276705704","3.3903536276705704","","","","","","","","","","","",""
"885.286581113","3.386416176677014","3.386416176677014","3.386416176677014","","","","","","","","","","","","","","",""
"885.333032465","","","","","","","3.383022516067124","3.383022516067124","3.383022516067124","","","","","","","","",""
"885.350408337","","","","3.39058918011998","3.39058918011998","3.39058918011998","","","","","","","","","","","",""
"900.286162933","3.385554704549555","3.385554704549555","3.385554704549555","","","","","","","","","","","","","","",""
"900.332327595","","","","","","","3.3822171429206755","3.3822171429206755","3.3822171429206755","","","","","","","","",""
"900.3508638","","","","3.3896927977415063","3.3896927977415063","3.3896927977415063","","","","","","","","","","","",""
"915.286613773","3.384753027199876","3.384753027199876","3.384753027199876","","","","","","","","","","","","","","",""
"915.332147668","","","","","","","3.3814356993966914","3.3814356993966914","3.3814356993966914","","","","","","","","",""
"915.35082148","","","","3.388826840305113","3.388826840305113","3.388826840305113","","","","","","","","","","","",""
"930.286147071","3.383945033501115","3.383945033501115","3.383945033501115","","","","","","","","","","","","","","",""
"930.333328726","","","","","","","3.3822487878362524","3.3822487878362524","3.3822487878362524","","","","","","","","",""
"930.351022915","","","","3.387952284503775","3.387952284503775","3.387952284503775","","","","","","","","","","","",""
"945.285987596","3.3849524643354907","3.3849524643354907","3.3849524643354907","","","","","","","","","","","","","","",""
"945.332063233","","","","","","","3.3814947640505655","3.3814947640505655","3.3814947640505655","","","","","","","","",""
"945.351037027","","","","3.3881735248728386","3.3881735248728386","3.3881735248728386","","","","","","","","","","","",""
"960.286167299","3.3841638060541728","3.3841638060541728","3.3841638060541728","","","","","","","","","","","","","","",""
"960.333050905","","","","","","","3.3807561817254523","3.3807561817254523","3.3807561817254523","","","","","","","","",""
"960.35109751","","","","3.387370113688325","3.387370113688325","3.387370113688325","","","","","","","","","","","",""
"975.286335934","3.3834323669478277","3.3834323669478277","3.3834323669478277","","","","","","","","","","","","","","",""
"975.332415298","","","","","","","3.3800450925829093","3.3800450925829093","3.3800450925829093","","","","","","","","",""
"975.350740232","","","","3.3865586701670485","3.3865586701670485","3.3865586701670485","","","","","","","","","","","",""
"990.286019355","3.3826911054320288","3.3826911054320288","3.3826911054320288","","","","","","","","","","","","","","",""
"990.333000381","","","","","","","3.380503548468167","3.380503548468167","3.380503548468167","","","","","","","","",""
"990.350781674","","","","3.385770015335432","3.385770015335432","3.385770015335432","","","","","","","","","","","",""
"1005.286487386","3.3835587051021205","3.3835587051021205","3.3835587051021205","","","","","","","","","","","","","","",""
"1005.332183409","","","","","","","3.379817385882696","3.379817385882696","3.379817385882696","","","","","","","","",""
"1005.350365714","","","","3.3864007713475788","3.3864007713475788","3.3864007713475788","","","","","","","","","","","",""
"1020.286567867","3.382835846560672","3.382835846560672","3.382835846560672","","","","","","","","","","","","","","",""
"1020.332559035","","","","","","","3.3791473436043216","3.3791473436043216","3.3791473436043216","","","","","","","","",""
"1020.350271503","","","","3.385637574492015","3.385637574492015","3.385637574492015","","","","","","","","","","","",""
"1035.286248979","3.3821348901060735","3.3821348901060735","3.3821348901060735","","","","","","","","","","","","","","",""
"1035.332671857","","","","","","","3.37852857076322","3.37852857076322","3.37852857076322","","","","","","","","",""
"1035.350875339","","","","3.3848939062015524","3.3848939062015524","3.3848939062015524","","","","","","","","","","","",""
"1050.285986032","3.3828514606561773","3.3828514606561773","3.3828514606561773","","","","","","","","","","","","","","",""
"1050.332543581","","","","","","","3.3788292719448494","3.3788292719448494","3.3788292719448494","","","","","","","","",""
"1050.351474475","","","","3.385600466734157","3.385600466734157","3.385600466734157","","","","","","","","","","","",""
"1065.286269858","3.3821983002002733","3.3821983002002733","3.3821983002002733","","","","","","","","","","","","","","",""
"1065.332901748","","","","","","","3.3782312373179555","3.3782312373179555","3.3782312373179555","","","","","","","","",""
"1065.350829261","","","","3.3849124029659587","3.3849124029659587","3.3849124029659587","","","","","","","","","","","",""
"1080.286319069","3.381533388777136","3.381533388777136","3.381533388777136","","","","","","","","","","","","","","",""
"1080.332524537","","","","","","","3.377621558674634","3.377621558674634","3.377621558674634","","","","","","","","",""
"1080.351372975","","","","3.3842089242449105","3.3842089242449105","3.3842089242449105","","","","","","","","","","","",""
"1095.286769009","3.3809149701320496","3.3809149701320496","3.3809149701320496","","","","","","","","","","","","","","",""
"1095.33230579","","","","","","","3.377027688529784","3.377027688529784","3.377027688529784","","","","","","","","",""
"1095.35113049","","","","3.38352674184313","3.38352674184313","3.38352674184313","","","","","","","","","","","",""
"1110.285967689","3.381611537504277","3.381611537504277","3.381611537504277","","","","","","","","","","","","","","",""
"1110.332735228","","","","","","","3.3773896103680117","3.3773896103680117","3.3773896103680117","","","","","","","","",""
"1110.350946587","","","","3.384069850574989","3.384069850574989","3.384069850574989","","","","","","","","","","","",""
"1125.286586073","3.38097856546858","3.38097856546858","3.38097856546858","","","","","","","","","","","","","","",""
"1125.332653405","","","","","","","3.376842937127149","3.376842937127149","3.376842937127149","","","","","","","","",""
"1125.351034869","","","","3.3834348042052445","3.3834348042052445","3.3834348042052445","","","","","","","","","","","",""
"1140.286320277","3.380393345212426","3.380393345212426","3.380393345212426","","","","","","","","","","","","","","",""
"1140.332405396","","","","","","","3.376282268861171","3.376282268861171","3.376282268861171","","","","","","","","",""
"1140.350771063","","","","3.3827891873620795","3.3827891873620795","3.3827891873620795","","","","","","","","","","","",""
"1155.285944847","3.379794867374008","3.379794867374008","3.379794867374008","","","","","","","","","","","","","","",""
"1155.332848826","","","","","","","3.375762096745334","3.375762096745334","3.375762096745334","","","","","","","","",""
"1155.350903778","","","","3.3821588424818767","3.3821588424818767","3.3821588424818767","","","","","","","","","","","",""
"1170.286856328","3.3803819816645952","3.3803819816645952","3.3803819816645952","","","","","","","","","","","","","","",""
"1170.333096339","","","","","","","3.376485603605717","3.376485603605717","3.376485603605717","","","","","","","","",""
"1170.350605521","","","","3.38255172183585","3.38255172183585","3.38255172183585","","","","","","","","","","","",""
"1185.285888664","3.3798002325964953","3.3798002325964953","3.3798002325964953","","","","","","","","","","","","","","",""
"1185.332853602","","","","","","","3.3759501797266513","3.3759501797266513","3.3759501797266513","","","","","","","","",""
"1185.350736046","","","","3.3819952185975315","3.3819952185975315","3.3819952185975315","","","","","","","","","","","",""
"1200.286315953","3.379228831640446","3.379228831640446","3.379228831640446","","","","","","","","","","","","","","",""
"1200.332318527","","","","","","","3.375428868852907","3.375428868852907","3.375428868852907","","","","","","","","",""
"1200.350826819","","","","3.3813979820133655","3.3813979820133655","3.3813979820133655","","","","","","","","","","","",""
"1215.286795025","3.3786718240723284","3.3786718240723284","3.3786718240723284","","","","","","","","","","","","","","",""
"1215.332189352","","","","","","","3.374945830730867","3.374945830730867","3.374945830730867","","","","","","","","",""
"1215.350863652","","","","3.3808152993450316","3.3808152993450316","3.3808152993450316","","","","","","","","","","","",""
"1230.285910852","3.378928991177609","3.378928991177609","3.378928991177609","","","","","","","","","","","","","","",""
"1230.332610761","","","","","","","3.37614953268698","3.37614953268698","3.37614953268698","","","","","","","","",""
"1230.350254217","","","","3.382111160439607","3.382111160439607","3.382111160439607","","","","","","","","","","","",""
"1245.28584711","3.3800463680193724","3.3800463680193724","3.3800463680193724","","","","","","","","","","","","","","",""
"1245.332712351","","","","","","","3.3764842144377467","3.3764842144377467","3.3764842144377467","","","","","","","","",""
"1245.351053307","","","","3.3823733198383596","3.3823733198383596","3.3823733198383596","","","","","","","","","","","",""
"1260.285967812","3.379499734268214","3.379499734268214","3.379499734268214","","","","","","","","","","","","","","",""
"1260.332666158","","","","","","","3.375979594171906","3.375979594171906","3.375979594171906","","","","","","","","",""
"1260.350001543","","","","3.381802463358282","3.381802463358282","3.381802463358282","","","","","","","","","","","",""
"1275.28626865","3.3789654979874726","3.3789654979874726","3.3789654979874726","","","","","","","","","","","","","","",""
"1275.332315218","","","","","","","3.376592241044593","3.376592241044593","3.376592241044593","","","","","","","","",""
"1275.350723642","","","","3.3812403437461263","3.3812403437461263","3.3812403437461263","","","","","","","","","","","",""
"1290.286451143","3.379230610376049","3.379230610376049","3.379230610376049","","","","","","","","","","","","","","",""
"1290.332852339","","","","","","","3.3760964218632368","3.3760964218632368","3.3760964218632368","","","","","","","","",""
"1290.350504807","","","","3.3818109008193584","3.3818109008193584","3.3818109008193584","","","","","","","","","","","",""
"1305.286251637","3.3787375776784043","3.3787375776784043","3.3787375776784043","","","","","","","","","","","","","","",""
"1305.332654672","","","","","","","3.3756388365370626","3.3756388365370626","3.3756388365370626","","","","","","","","",""
"1305.350692653","","","","3.3812625938119667","3.3812625938119667","3.3812625938119667","","","","","","","","","","","",""
"1320.286262698","3.378230398277634","3.378230398277634","3.378230398277634","","","","","","","","","","","","","","",""
"1320.332927587","","","","","","","3.3751654874174233","3.3751654874174233","3.3751654874174233","","","","","","","","",""
"1320.351240898","","","","3.380775447814761","3.380775447814761","3.380775447814761","","","","","","","","","","","",""
"1335.286434031","3.377733928651716","3.377733928651716","3.377733928651716","","","","","","","","","","","","","","",""
"1335.332374912","","","","","","","3.375539480558259","3.375539480558259","3.375539480558259","","","","","","","","",""
"1335.350242404","","","","3.3812603116098523","3.3812603116098523","3.3812603116098523","","","","","","","","","","","",""
"1350.286090141","3.378269500204771","3.378269500204771","3.378269500204771","","","","","","","","","","","","","","",""
"1350.332284657","","","","","","","3.375102717698392","3.375102717698392","3.375102717698392","","","","","","","","",""
"1350.350432609","","","","3.3807360873820547","3.3807360873820547","3.3807360873820547","","","","","","","","","","","",""
"1365.286134442","3.37778354190529","3.37778354190529","3.37778354190529","","","","","","","","","","","","","","",""
"1365.332231915","","","","","","","3.37462724743029","3.37462724743029","3.37462724743029","","","","","","","","",""
"1365.351292692","","","","3.3802458628065346","3.3802458628065346","3.3802458628065346","","","","","","","","","","","",""
"1380.285840074","3.3773325250460124","3.3773325250460124","3.3773325250460124","","","","","","","","","","","","","","",""
"1380.332172941","","","","","","","3.374209454326661","3.374209454326661","3.374209454326661","","","","","","","","",""
"1380.350616687","","","","3.3797455368835103","3.3797455368835103","3.3797455368835103","","","","","","","","","","","",""
"1395.286530911","3.37686526718964","3.37686526718964","3.37686526718964","","","","","","","","","","","","","","",""
"1395.33219132","","","","","","","3.3745764256836703","3.3745764256836703","3.3745764256836703","","","","","","","","",""
"1395.350803872","","","","3.380335651940272","3.380335651940272","3.380335651940272","","","","","","","","","","","",""
"1410.285787521","3.3773420269415495","3.3773420269415495","3.3773420269415495","","","","","","","","","","","","","","",""
"1410.332312001","","","","","","","3.3741209594155865","3.3741209594155865","3.3741209594155865","","","","","","","","",""
"1410.350708981","","","","3.3798204798752267","3.3798204798752267","3.3798204798752267","","","","","","","","","","","",""
"1425.286368356","3.376908107275513","3.376908107275513","3.376908107275513","","","","","","","","","","","","","","",""
"1425.3327008","","","","","","","3.373720378601828","3.373720378601828","3.373720378601828","","","","","","","","",""
"1425.351078601","","","","3.3793609719896263","3.3793609719896263","3.3793609719896263","","","","","","","","","","","",""
"1440.286070607","3.3764843764391723","3.3764843764391723","3.3764843764391723","","","","","","","","","","","","","","",""
"1440.332727168","","","","","","","3.373328964849654","3.373328964849654","3.373328964849654","","","","","","","","",""
"1440.350466507","","","","3.37891304983022","3.37891304983022","3.37891304983022","","","","","","","","","","","",""
"1455.28701358","3.3760440710275055","3.3760440710275055","3.3760440710275055","","","","","","","","","","","","","","",""
"1455.332677135","","","","","","","3.3738937055619926","3.3738937055619926","3.3738937055619926","","","","","","","","",""
"1455.351072843","","","","3.3793739838273558","3.3793739838273558","3.3793739838273558","","","","","","","","","","","",""
"1470.286379414","3.3763085574041125","3.3763085574041125","3.3763085574041125","","","","","","","","","","","","","","",""
"1470.33295838","","","","","","","3.3735071426883203","3.3735071426883203","3.3735071426883203","","","","","","","","",""
"1470.351117485","","","","3.3789334621345475","3.3789334621345475","3.3789334621345475","","","","","","","","","","","",""
"1485.286070846","3.375881805446786","3.375881805446786","3.375881805446786","","","","","","","","","","","","","","",""
"1485.332842475","","","","","","","3.3731297453836957","3.3731297453836957","3.3731297453836957","","","","","","","","",""
"1485.350743897","","","","3.3784805754881293","3.3784805754881293","3.3784805754881293","","","","","","","","","","","",""
"1500.286683841","3.375461225820331","3.375461225820331","3.375461225820331","","","","","","","","","","","","","","",""
"1500.33271509","","","","","","","3.372737909764162","3.372737909764162","3.372737909764162","","","","","","","","",""
"1500.350242886","","","","3.378058818381625","3.378058818381625","3.378058818381625","","","","","","","","","","","",""
"1515.286322501","3.37507258790392","3.37507258790392","3.37507258790392","","","","","","","","","","","","","","",""
"1515.332363479","","","","","","","3.373048048871598","3.373048048871598","3.373048048871598","","","","","","","","",""
"1515.351308133","","","","3.378530697811532","3.378530697811532","3.378530697811532","","","","","","","","","","","",""
"1530.286673799","3.3753341453887797","3.3753341453887797","3.3753341453887797","","","","","","","","","","","","","","",""
"1530.332302955","","","","","","","3.372707415999735","3.372707415999735","3.372707415999735","","","","","","","","",""
"1530.351281873","","","","3.378094047057874","3.378094047057874","3.378094047057874","","","","","","","","","","","",""
"1545.286494944","3.3749538162959425","3.3749538162959425","3.3749538162959425","","","","","","","","","","","","","","",""
"1545.332186151","","","","","","","3.3723308076440426","3.3723308076440426","3.3723308076440426","","","","","","","","",""
"1545.350451814","","","","3.377667484245996","3.377667484245996","3.377667484245996","","","","","","","","","","","",""
"1560.286926613","3.374580479671657","3.374580479671657","3.374580479671657","","","","","","","","","","","","","","",""
"1560.332789654","","","","","","","3.3719599370127633","3.3719599370127633","3.3719599370127633","","","","","","","","",""
"1560.350654189","","","","3.3772680409764972","3.3772680409764972","3.3772680409764972","","","","","","","","","","","",""
"1575.286574065","3.374214885643405","3.374214885643405","3.374214885643405","","","","","","","","","","","","","","",""
"1575.332902015","","","","","","","3.3724942513904415","3.3724942513904415","3.3724942513904415","","","","","","","","",""
"1575.350818904","","","","3.3776896989320293","3.3776896989320293","3.3776896989320293","","","","","","","","","","","",""
"1590.286798679","3.3744541638270538","3.3744541638270538","3.3744541638270538","","","","","","","","","","","","","","",""
"1590.333048786","","","","","","","3.3721503622148625","3.3721503622148625","3.3721503622148625","","","","","","","","",""
"1590.351029771","","","","3.377319100264275","3.377319100264275","3.377319100264275","","","","","","","","","","","",""
"1605.286358527","3.374095637951091","3.374095637951091","3.374095637951091","","","","","","","","","","","","","","",""
"1605.332108762","","","","","","","3.3717944669517914","3.3717944669517914","3.3717944669517914","","","","","","","","",""
"1605.350084839","","","","3.3768940386842607","3.3768940386842607","3.3768940386842607","","","","","","","","","","","",""
"1620.28690341","3.3737223844423716","3.3737223844423716","3.3737223844423716","","","","","","","","","","","","","","",""
"1620.333028952","","","","","","","3.3714413901284397","3.3714413901284397","3.3714413901284397","","","","","","","","",""
"1620.350926411","","","","3.376535179254756","3.376535179254756","3.376535179254756","","","","","","","","","","","",""
"1635.286894629","3.3733770357358166","3.3733770357358166","3.3733770357358166","","","","","","","","","","","","","","",""
"1635.332750154","","","","","","","3.371740584962643","3.371740584962643","3.371740584962643","","","","","","","","",""
"1635.350702576","","","","3.377029461552684","3.377029461552684","3.377029461552684","","","","","","","","","","","",""
"1650.286465408","3.373656442307548","3.373656442307548","3.373656442307548","","","","","","","","","","","","","","",""
"1650.332216098","","","","","","","3.3714170953417075","3.3714170953417075","3.3714170953417075","","","","","","","","",""
"1650.351732262","","","","3.376635527542285","3.376635527542285","3.376635527542285","","","","","","","","","","","",""
"1665.28656939","3.3733176113782415","3.3733176113782415","3.3733176113782415","","","","","","","","","","","","","","",""
"1665.33272544","","","","","","","3.37109729195524","3.37109729195524","3.37109729195524","","","","","","","","",""
"1665.351009326","","","","3.3762719835062596","3.3762719835062596","3.3762719835062596","","","","","","","","","","","",""
"1680.286286363","3.372985462248827","3.372985462248827","3.372985462248827","","","","","","","","","","","","","","",""
"1680.333016375","","","","","","","3.371331823386836","3.371331823386836","3.371331823386836","","","","","","","","",""
"1680.351313785","","","","3.375894372829573","3.375894372829573","3.375894372829573","","","","","","","","","","","",""
"1695.286376527","3.3732599902270564","3.3732599902270564","3.3732599902270564","","","","","","","","","","","","","","",""
"1695.332702845","","","","","","","3.371019975586278","3.371019975586278","3.371019975586278","","","","","","","","",""
"1695.350808513","","","","3.376395570392847","3.376395570392847","3.376395570392847","","","","","","","","","","","",""
"1710.286273575","3.3729145143883223","3.3729145143883223","3.3729145143883223","","","","","","","","","","","","","","",""
"1710.33215303","","","","","","","3.370694766820155","3.370694766820155","3.370694766820155","","","","","","","","",""
"1710.35101619","","","","3.3760223681019186","3.3760223681019186","3.3760223681019186","","","","","","","","","","","",""
"1725.286628463","3.372574051382217","3.372574051382217","3.372574051382217","","","","","","","","","","","","","","",""
"1725.33266489","","","","","","","3.3703920991781025","3.3703920991781025","3.3703920991781025","","","","","","","","",""
"1725.35061764","","","","3.375675765727736","3.375675765727736","3.375675765727736","","","","","","","","","","","",""
"1740.286019818","3.3722602152592454","3.3722602152592454","3.3722602152592454","","","","","","","","","","","","","","",""
"1740.333017868","","","","","","","3.3709082133284825","3.3709082133284825","3.3709082133284825","","","","","","","","",""
"1740.350702303","","","","3.3753152719615804","3.3753152719615804","3.3753152719615804","","","","","","","","","","","",""
"1755.28652624","3.372493301993472","3.372493301993472","3.372493301993472","","","","","","","","","","","","","","",""
"1755.333079287","","","","","","","3.3706097395442143","3.3706097395442143","3.3706097395442143","","","","","","","","",""
"1755.350709754","","","","3.375767314632002","3.375767314632002","3.375767314632002","","","","","","","","","","","",""
"1770.28653833","3.3721842791749297","3.3721842791749297","3.3721842791749297","","","","","","","","","","","","","","",""
"1770.33246748","","","","","","","3.3703175624979735","3.3703175624979735","3.3703175624979735","","","","","","","","",""
"1770.350222444","","","","3.3754131208665608","3.3754131208665608","3.3754131208665608","","","","","","","","","","","",""
"1785.286002147","3.3718628011179343","3.3718628011179343","3.3718628011179343","","","","","","","","","","","","","","",""
"1785.332600032","","","","","","","3.370010339525348","3.370010339525348","3.370010339525348","","","","","","","","",""
"1785.350576265","","","","3.3750817447655312","3.3750817447655312","3.3750817447655312","","","","","","","","","","","",""
"1800.286132758","3.37156382615406","3.37156382615406","3.37156382615406","","","","","","","","","","","","","","",""
"1800.332420455","","","","","","","3.3702026870969157","3.3702026870969157","3.3702026870969157","","","","","","","","",""
"1800.350410342","","","","3.3753420312931155","3.3753420312931155","3.3753420312931155","","","","","","","","","","","",""
"1815.28659347","3.371813262614046","3.371813262614046","3.371813262614046","","","","","","","","","","","","","","",""
"1815.332228888","","","","","","","3.369920173895523","3.369920173895523","3.369920173895523","","","","","","","","",""
"1815.35029643","","","","3.374999310324172","3.374999310324172","3.374999310324172","","","","","","","","","","","",""
"1830.286366964","3.3714840950278417","3.3714840950278417","3.3714840950278417","","","","","","","","","","","","","","",""
"1830.333014646","","","","","","","3.369622495619011","3.369622495619011","3.369622495619011","","","","","","","","",""
"1830.351147473","","","","3.3746605699577428","3.3746605699577428","3.3746605699577428","","","","","","","","","","","",""
"1845.286304902","3.371195510464835","3.371195510464835","3.371195510464835","","","","","","","","","","","","","","",""
"1845.332073551","","","","","","","3.36935055526575","3.36935055526575","3.36935055526575","","","","","","","","",""
"1845.350818605","","","","3.3743292317119526","3.3743292317119526","3.3743292317119526","","","","","","","","","","","",""
"1860.286015755","3.3709120610659027","3.3709120610659027","3.3709120610659027","","","","","","","","","","","","","","",""
"1860.333436683","","","","","","","3.369663176237445","3.369663176237445","3.369663176237445","","","","","","","","",""
"1860.350747585","","","","3.3745691529798765","3.3745691529798765","3.3745691529798765","","","","","","","","","","","",""
"1875.286589558","3.3711760809465514","3.3711760809465514","3.3711760809465514","","","","","","","","","","","","","","",""
"1875.332702053","","","","","","","3.3693597701821574","3.3693597701821574","3.3693597701821574","","","","","","","","",""
"1875.350452918","","","","3.374261287788952","3.374261287788952","3.374261287788952","","","","","","","","","","","",""
"1890.286220948","3.3708799995623844","3.3708799995623844","3.3708799995623844","","","","","","","","","","","","","","",""
"1890.332431305","","","","","","","3.3690950900196786","3.3690950900196786","3.3690950900196786","","","","","","","","",""
"1890.350994713","","","","3.373921872679874","3.373921872679874","3.373921872679874","","","","","","","","","","","",""
"1905.28585775","3.3705884123913985","3.3705884123913985","3.3705884123913985","","","","","","","","","","","","","","",""
"1905.332703609","","","","","","","3.368816232899522","3.368816232899522","3.368816232899522","","","","","","","","",""
"1905.350661605","","","","3.3736240982887153","3.3736240982887153","3.3736240982887153","","","","","","","","","","","",""
"1920.286482826","3.3703169100963475","3.3703169100963475","3.3703169100963475","","","","","","","","","","","","","","",""
"1920.332285787","","","","","","","3.369126465636809","3.369126465636809","3.369126465636809","","","","","","","","",""
"1920.351179809","","","","3.373826744157914","3.373826744157914","3.373826744157914","","","","","","","","","","","",""
"1935.285915081","3.3706644403051387","3.3706644403051387","3.3706644403051387","","","","","","","","","","","","","","",""
"1935.332648014","","","","","","","3.368868532124763","3.368868532124763","3.368868532124763","","","","","","","","",""
"1935.350678588","","","","3.3735342737699225","3.3735342737699225","3.3735342737699225","","","","","","","","","","","",""
"1950.286014733","3.370397298184267","3.370397298184267","3.370397298184267","","","","","","","","","","","","","","",""
"1950.333060442","","","","","","","3.3686145282637687","3.3686145282637687","3.3686145282637687","","","","","","","","",""
"1950.350735821","","","","3.373245663060738","3.373245663060738","3.373245663060738","","","","","","","","","","","",""
"1965.286427663","3.3701336708599436","3.3701336708599436","3.3701336708599436","","","","","","","","","","","","","","",""
"1965.332438405","","","","","","","3.3683492845706104","3.3683492845706104","3.3683492845706104","","","","","","","","",""
"1965.351041778","","","","3.3729436489858764","3.3729436489858764","3.3729436489858764","","","","","","","","","","","",""
"1980.286590007","3.370557005317522","3.370557005317522","3.370557005317522","","","","","","","","","","","","","","",""
"1980.332161366","","","","","","","3.368653405704558","3.368653405704558","3.368653405704558","","","","","","","","",""
"1980.351391858","","","","3.373179079946823","3.373179079946823","3.373179079946823","","","","","","","","","","","",""
"1995.286429443","3.3702803991529504","3.3702803991529504","3.3702803991529504","","","","","","","","","","","","","","",""
"1995.333088228","","","","","","","3.3684057988608087","3.3684057988608087","3.3684057988608087","","","","","","","","",""
"1995.35060594","","","","3.3729006133607253","3.3729006133607253","3.3729006133607253","","","","","","","","","","","",""
"2010.286465594","3.370024039654427","3.370024039654427","3.370024039654427","","","","","","","","","","","","","","",""
"2010.332113871","","","","","","","3.3681485440868326","3.3681485440868326","3.3681485440868326","","","","","","","","",""
"2010.350214551","","","","3.3726092542541193","3.3726092542541193","3.3726092542541193","","","","","","","","","","","",""
"2025.286620177","3.369771258519249","3.369771258519249","3.369771258519249","","","","","","","","","","","","","","",""
"2025.333031003","","","","","","","3.367908376560464","3.367908376560464","3.367908376560464","","","","","","","","",""
"2025.350698865","","","","3.3723207236816877","3.3723207236816877","3.3723207236816877","","","","","","","","","","","",""
"2040.285934631","3.370089179077177","3.370089179077177","3.370089179077177","","","","","","","","","","","","","","",""
"2040.332274252","","","","","","","3.3683692221947057","3.3683692221947057","3.3683692221947057","","","","","","","","",""
"2040.351082055","","","","3.372553740971276","3.372553740971276","3.372553740971276","","","","","","","","","","","",""
"2055.286800611","3.3698384557177494","3.3698384557177494","3.3698384557177494","","","","","","","","","","","","","","",""
"2055.332441303","","","","","","","3.3681320492745086","3.3681320492745086","3.3681320492745086","","","","","","","","",""
"2055.351348902","","","","3.3722861298615716","3.3722861298615716","3.3722861298615716","","","","","","","","","","","",""
"2070.286092823","3.3695938198455777","3.3695938198455777","3.3695938198455777","","","","","","","","","","","","","","",""
"2070.332235647","","","","","","","3.367898798932189","3.367898798932189","3.367898798932189","","","","","","","","",""
"2070.350986374","","","","3.372007496995271","3.372007496995271","3.372007496995271","","","","","","","","","","","",""
"2085.286195336","3.369335669039456","3.369335669039456","3.369335669039456","","","","","","","","","","","","","","",""
"2085.33244868","","","","","","","3.3676524355617383","3.3676524355617383","3.3676524355617383","","","","","","","","",""
"2085.350847522","","","","3.3717484456894815","3.3717484456894815","3.3717484456894815","","","","","","","","","","","",""
"2100.286368271","3.36989751866678","3.36989751866678","3.36989751866678","","","","","","","","","","","","","","",""
"2100.332885118","","","","","","","3.3681158788849688","3.3681158788849688","3.3681158788849688","","","","","","","","",""
"2100.350622078","","","","3.372105361323368","3.372105361323368","3.372105361323368","","","","","","","","","","","",""
"2115.285820176","3.3696417995518635","3.3696417995518635","3.3696417995518635","","","","","","","","","","","","","","",""
"2115.332783034","","","","","","","3.3678720261246635","3.3678720261246635","3.3678720261246635","","","","","","","","",""
"2115.35070241","","","","3.3718331484550834","3.3718331484550834","3.3718331484550834","","","","","","","","","","","",""
"2130.285786165","3.36940431060213","3.36940431060213","3.36940431060213","","","","","","","","","","","","","","",""
"2130.332860644","","","","","","","3.3676466396596374","3.3676466396596374","3.3676466396596374","","","","","","","","",""
"2130.350651689","","","","3.3715649660347418","3.3715649660347418","3.3715649660347418","","","","","","","","","","","",""
"2145.285662312","3.369154953337528","3.369154953337528","3.369154953337528","","","","","","","","","","","","","","",""
"2145.332880844","","","","","","","3.3674091386860985","3.3674091386860985","3.3674091386860985","","","","","","","","",""
"2145.351274846","","","","3.3717915028759204","3.3717915028759204","3.3717915028759204","","","","","","","","","","","",""
"2160.286346448","3.3693963918981926","3.3693963918981926","3.3693963918981926","","","","","","","","","","","","","","",""
"2160.332091282","","","","","","","3.367664892877984","3.367664892877984","3.367664892877984","","","","","","","","",""
"2160.351306838","","","","3.3715280377329138","3.3715280377329138","3.3715280377329138","","","","","","","","","","","",""
"2175.286582004","3.369149975924563","3.369149975924563","3.369149975924563","","","","","","","","","","","","","","",""
"2175.33246883","","","","","","","3.367430046716638","3.367430046716638","3.367430046716638","","","","","","","","",""
"2175.35091457","","","","3.371282281350675","3.371282281350675","3.371282281350675","","","","","","","","","","","",""
"2190.286732268","3.368922403903004","3.368922403903004","3.368922403903004","","","","","","","","","","","","","","",""
"2190.332409216","","","","","","","3.3672139849996707","3.3672139849996707","3.3672139849996707","","","","","","","","",""
"2190.351186307","","","","3.371039606362227","3.371039606362227","3.371039606362227","","","","","","","","","","","",""
"2205.285840435","3.368698517742239","3.368698517742239","3.368698517742239","","","","","","","","","","","","","","",""
"2205.33261613","","","","","","","3.3674942754469623","3.3674942754469623","3.3674942754469623","","","","","","","","",""
"2205.351636179","","","","3.3712350166582663","3.3712350166582663","3.3712350166582663","","","","","","","","","","","",""
"2220.286603794","3.369010800843336","3.369010800843336","3.369010800843336","","","","","","","","","","","","","","",""
"2220.332198347","","","","","","","3.367266524433266","3.367266524433266","3.367266524433266","","","","","","","","",""
"2220.350586034","","","","3.37098204045243","3.37098204045243","3.37098204045243","","","","","","","","","","","",""
"2235.286631696","3.368788507994391","3.368788507994391","3.368788507994391","","","","","","","","","","","","","","",""
"2235.332702468","","","","","","","3.367054941002332","3.367054941002332","3.367054941002332","","","","","","","","",""
"2235.351231791","","","","3.370730913286701","3.370730913286701","3.370730913286701","","","","","","","","","","","",""
"2250.28649235","3.36855478601487","3.36855478601487","3.36855478601487","","","","","","","","","","","","","","",""
"2250.332387808","","","","","","","3.36683292701681","3.36683292701681","3.36683292701681","","","","","","","","",""
"2250.350680568","","","","3.370499546082623","3.370499546082623","3.370499546082623","","","","","","","","","","","",""
"2265.286440379","3.368338321178287","3.368338321178287","3.368338321178287","","","","","","","","","","","","","","",""
"2265.332384636","","","","","","","3.367094051926612","3.367094051926612","3.367094051926612","","","","","","","","",""
"2265.351085229","","","","3.37067782295189","3.37067782295189","3.37067782295189","","","","","","","","","","","",""
"2280.285789484","3.368748224580307","3.368748224580307","3.368748224580307","","","","","","","","","","","","","","",""
"2280.332602089","","","","","","","3.366888485363658","3.366888485363658","3.366888485363658","","","","","","","","",""
"2280.351179751","","","","3.3704489079181736","3.3704489079181736","3.3704489079181736","","","","","","","","","","","",""
"2295.286515151","3.3685180279868754","3.3685180279868754","3.3685180279868754","","","","","","","","","","","","","","",""
"2295.332724261","","","","","","","3.3666709331626166","3.3666709331626166","3.3666709331626166","","","","","","","","",""
"2295.350569468","","","","3.370209598110203","3.370209598110203","3.370209598110203","","","","","","","","","","","",""
"2310.286227093","3.3683064463500387","3.3683064463500387","3.3683064463500387","","","","","","","","","","","","","","",""
"2310.332317009","","","","","","","3.366471384597395","3.366471384597395","3.366471384597395","","","","","","","","",""
"2310.350665381","","","","3.369972417883773","3.369972417883773","3.369972417883773","","","","","","","","","","","",""
"2325.286750607","3.3686785735529563","3.3686785735529563","3.3686785735529563","","","","","","","","","","","","","","",""
"2325.333106609","","","","","","","3.366798185705787","3.366798185705787","3.366798185705787","","","","","","","","",""
"2325.350424717","","","","3.3701928699096313","3.3701928699096313","3.3701928699096313","","","","","","","","","","","",""
"2340.286583292","3.368454388202643","3.368454388202643","3.368454388202643","","","","","","","","","","","","","","",""
"2340.332405273","","","","","","","3.366586660152872","3.366586660152872","3.366586660152872","","","","","","","","",""
"2340.350697964","","","","3.3699585741816325","3.3699585741816325","3.3699585741816325","","","","","","","","","","","",""
"2355.286424089","3.3682470549706607","3.3682470549706607","3.3682470549706607","","","","","","","","","","","","","","",""
"2355.332195827","","","","","","","3.3663771831874882","3.3663771831874882","3.3663771831874882","","","","","","","","",""
"2355.350311415","","","","3.3697279391295116","3.3697279391295116","3.3697279391295116","","","","","","","","","","","",""
"2370.285915846","3.368014953624389","3.368014953624389","3.368014953624389","","","","","","","","","","","","","","",""
"2370.33262831","","","","","","","3.3661693686202416","3.3661693686202416","3.3661693686202416","","","","","","","","",""
"2370.350545232","","","","3.369513377596928","3.369513377596928","3.369513377596928","","","","","","","","","","","",""
"2385.287054284","3.368309545294482","3.368309545294482","3.368309545294482","","","","","","","","","","","","","","",""
"2385.332809504","","","","","","","3.3665736781474846","3.3665736781474846","3.3665736781474846","","","","","","","","",""
"2385.350373268","","","","3.3696896883243426","3.3696896883243426","3.3696896883243426","","","","","","","","","","","",""
"2400.285820063","3.3680947096568996","3.3680947096568996","3.3680947096568996","","","","","","","","","","","","","","",""
"2400.332306424","","","","","","","3.366368575866294","3.366368575866294","3.366368575866294","","","","","","","","",""
"2400.350170025","","","","3.3694648657129065","3.3694648657129065","3.3694648657129065","","","","","","","","","","","",""
"2415.286149071","3.3678940501562087","3.3678940501562087","3.3678940501562087","","","","","","","","","","","","","","",""
"2415.332458238","","","","","","","3.3661650924734956","3.3661650924734956","3.3661650924734956","","","","","","","","",""
"2415.350507973","","","","3.369255732875384","3.369255732875384","3.369255732875384","","","","","","","","","","","",""
"2430.286009908","3.3676828248052417","3.3676828248052417","3.3676828248052417","","","","","","","","","","","","","","",""
"2430.333012443","","","","","","","3.3659906510280524","3.3659906510280524","3.3659906510280524","","","","","","","","",""
"2430.350476774","","","","3.3690360957964787","3.3690360957964787","3.3690360957964787","","","","","","","","","","","",""
"2445.286096689","3.3679061733598052","3.3679061733598052","3.3679061733598052","","","","","","","","","","","","","","",""
"2445.3328742","","","","","","","3.36623835110618","3.36623835110618","3.36623835110618","","","","","","","","",""
"2445.350463065","","","","3.369210817909975","3.369210817909975","3.369210817909975","","","","","","","","","","","",""
"2460.285811733","3.3676976647938806","3.3676976647938806","3.3676976647938806","","","","","","","","","","","","","","",""
"2460.332632176","","","","","","","3.3660534250322205","3.3660534250322205","3.3660534250322205","","","","","","","","",""